{"std_epochs": [0, 200, 400, 600, 800, 1000, 1200, 1400, 1600, 1800, 2000, 2200, 2400, 2600, 2800, 3000, 3200, 3400, 3600, 3800, 4000, 4200, 4400, 4600, 4800], "std_ipr": [0.12551122903823853, 0.14927566051483154, 0.21552026271820068, 0.2834668755531311, 0.33903253078460693, 0.3819757103919983, 0.41561073064804077, 0.44233131408691406, 0.4643654227256775, 0.4830036759376526, 0.49911272525787354, 0.5134556293487549, 0.526502251625061, 0.5386251211166382, 0.5501314997673035, 0.5614886283874512, 0.5728676319122314, 0.58359694480896, 0.592614471912384, 0.600166916847229, 0.6068191528320312, 0.612855076789856, 0.6184482574462891, 0.6236752271652222, 0.6285355091094971], "std_train_loss": [3.433966636657715, 3.403127670288086, 3.3474316596984863, 3.2591238021850586, 3.136744737625122, 2.979926586151123, 2.7894883155822754, 2.567185163497925, 2.3156983852386475, 2.0396368503570557, 1.7459818124771118, 1.4444234371185303, 1.1483333110809326, 0.8728451728820801, 0.6326180100440979, 0.43691596388816833, 0.28702491521835327, 0.17903859913349152, 0.10664798319339752, 0.061247892677783966, 0.034141216427087784, 0.018552061170339584, 0.009847794659435749, 0.005115059204399586, 0.002603680593892932], "grokk_epochs": [0, 200, 400, 600, 800, 1000, 1200, 1400, 1600, 1800, 2000, 2200, 2400, 2600, 2800, 3000, 3200, 3400, 3600, 3800, 4000, 4200, 4400, 4600, 4800, 5000, 5200, 5400, 5600, 5800, 6000, 6200, 6400, 6600, 6800, 7000, 7200, 7400, 7600, 7800, 8000, 8200, 8400, 8600, 8800, 9000, 9200, 9400, 9600, 9800, 10000, 10200, 10400, 10600, 10800, 11000, 11200, 11400, 11600, 11800, 12000, 12200, 12400, 12600, 12800, 13000, 13200, 13400, 13600, 13800, 14000, 14200, 14400, 14600, 14800, 15000, 15200, 15400, 15600, 15800], "grokk_ipr": [0.12551122903823853, 0.16725608706474304, 0.2373957335948944, 0.2924179434776306, 0.33434268832206726, 0.3691618740558624, 0.4010307192802429, 0.4318525195121765, 0.46170973777770996, 0.48921456933021545, 0.5125764608383179, 0.5317661762237549, 0.5475741624832153, 0.5609797239303589, 0.5729603171348572, 0.5835885405540466, 0.593116044998169, 0.6017497777938843, 0.6096134185791016, 0.6168782711029053, 0.6236706376075745, 0.6302172541618347, 0.6367611885070801, 0.6434926986694336, 0.6505258679389954, 0.6580097675323486, 0.6658696532249451, 0.6739253997802734, 0.6819733381271362, 0.6898512840270996, 0.6974570751190186, 0.7047612071037292, 0.7117503881454468, 0.7184560298919678, 0.7248890399932861, 0.7310547828674316, 0.7369771003723145, 0.7426519393920898, 0.7480933666229248, 0.7533257007598877, 0.7583463788032532, 0.7631572484970093, 0.7677825689315796, 0.7722281217575073, 0.7765068411827087, 0.7806396484375, 0.7846249341964722, 0.7884677648544312, 0.7921740412712097, 0.7957267165184021, 0.7991440296173096, 0.8024415969848633, 0.8056246638298035, 0.8087029457092285, 0.8116692900657654, 0.8145240545272827, 0.8172762393951416, 0.8199281692504883, 0.8224744200706482, 0.8249244093894958, 0.8272682428359985, 0.829513669013977, 0.8316670656204224, 0.8337262868881226, 0.8356932401657104, 0.8375784158706665, 0.8393919467926025, 0.8411256074905396, 0.8427828550338745, 0.8443686962127686, 0.8458923101425171, 0.8473522663116455, 0.8487469553947449, 0.8500845432281494, 0.8513613343238831, 0.85257887840271, 0.8537424802780151, 0.8548575043678284, 0.8559248447418213, 0.8569498062133789], "grokk_train_loss": [3.4337961673736572, 3.3310649394989014, 3.123425245285034, 2.8209729194641113, 2.4457576274871826, 2.0262844562530518, 1.595517635345459, 1.187526822090149, 0.8283931016921997, 0.5343889594078064, 0.3173583447933197, 0.17677760124206543, 0.09478102624416351, 0.0498170331120491, 0.025903521105647087, 0.013404854573309422, 0.006922411732375622, 0.0035776859149336815, 0.0018540954915806651, 0.0009661916410550475, 0.000507084303535521, 0.00026934401830658317, 0.0001455387973692268, 8.073180651990697e-05, 4.657439058064483e-05, 2.8394928449415602e-05, 1.8587139493320137e-05, 1.3187242984713521e-05, 1.0120798833668232e-05, 8.33218564366689e-06, 7.268420176842483e-06, 6.610126092709834e-06, 6.2008439272176474e-06, 5.948520083620679e-06, 5.774674718850292e-06, 5.672189217875712e-06, 5.601160864898702e-06, 5.553477876674151e-06, 5.5198674999701325e-06, 5.4961919886409305e-06, 5.47516447113594e-06, 5.455627615447156e-06, 5.444203907245537e-06, 5.426819370768499e-06, 5.414401584857842e-06, 5.398341727413936e-06, 5.388407771533821e-06, 5.378804871725151e-06, 5.365062406781362e-06, 5.360261184250703e-06, 5.352314474293962e-06, 5.342214535630774e-06, 5.3344333537097555e-06, 5.322015567799099e-06, 5.3064522944623604e-06, 5.2971799959777854e-06, 5.292047717375681e-06, 5.280954610498156e-06, 5.268205768516054e-06, 5.2617488108808175e-06, 5.254132702248171e-06, 5.250324647931848e-06, 5.243370651442092e-06, 5.238568974164082e-06, 5.233436695561977e-06, 5.225323548074812e-06, 5.217211310082348e-06, 5.214396878727712e-06, 5.208933089306811e-06, 5.203965883993078e-06, 5.199164661462419e-06, 5.195191079110373e-06, 5.192210664972663e-06, 5.184097972232848e-06, 5.182276709092548e-06, 5.179627351026284e-06, 5.178965238883393e-06, 5.173335921426769e-06, 5.176315880817128e-06, 5.171514658286469e-06], "grokk_test_loss": [3.434476137161255, 3.5207934379577637, 3.5964603424072266, 3.61454701423645, 3.5652122497558594, 3.43658447265625, 3.2069756984710693, 2.8652660846710205, 2.4346978664398193, 1.9830368757247925, 1.603014349937439, 1.3383996486663818, 1.1660140752792358, 1.0466820001602173, 0.9544435739517212, 0.8764025568962097, 0.8030992150306702, 0.731682538986206, 0.6613020896911621, 0.5941351056098938, 0.5314720273017883, 0.47296127676963806, 0.4180845022201538, 0.36726894974708557, 0.3215007781982422, 0.2811913788318634, 0.24579983949661255, 0.21521955728530884, 0.1893244981765747, 0.16765102744102478, 0.14972130954265594, 0.13471795618534088, 0.12206621468067169, 0.11121518909931183, 0.10183907300233841, 0.09361805021762848, 0.08649032562971115, 0.08029124140739441, 0.07481910288333893, 0.07001227885484695, 0.06570634245872498, 0.061821769922971725, 0.05834963917732239, 0.05528050288558006, 0.05256754904985428, 0.050159573554992676, 0.047964468598365784, 0.04597536846995354, 0.04413241520524025, 0.04243791848421097, 0.04088680446147919, 0.03948868066072464, 0.03823961690068245, 0.037100259214639664, 0.03612200543284416, 0.0352313257753849, 0.034345123916864395, 0.03350100293755531, 0.0327138751745224, 0.0320008210837841, 0.03136061504483223, 0.030805449932813644, 0.03028002940118313, 0.029782604426145554, 0.029370147734880447, 0.02898455038666725, 0.028613047674298286, 0.028268521651625633, 0.027951013296842575, 0.027659380808472633, 0.02738078311085701, 0.027117423713207245, 0.026880189776420593, 0.026663165539503098, 0.026472443714737892, 0.026320943608880043, 0.026168720796704292, 0.02601395547389984, 0.025867655873298645, 0.025726735591888428]}