{"epochs": [0, 200, 400, 600, 800, 1000, 1200, 1400, 1600, 1800, 2000, 2200, 2400, 2600, 2800, 3000, 3200, 3400, 3600, 3800, 4000, 4200, 4400, 4600, 4800, 5000, 5200, 5400, 5600, 5800, 6000, 6200, 6400, 6600, 6800, 7000, 7200, 7400, 7600, 7800, 8000, 8200, 8400, 8600, 8800, 9000, 9200, 9400, 9600, 9800, 10000, 10200, 10400, 10600, 10800, 11000, 11200, 11400, 11600, 11800, 12000, 12200, 12400, 12600, 12800, 13000, 13200, 13400, 13600, 13800, 14000, 14200, 14400, 14600, 14800, 15000, 15200, 15400, 15600, 15800], "train_accs": [0.034722222222222224, 0.33194444444444443, 0.6763888888888889, 0.7194444444444444, 0.7319444444444444, 0.7944444444444444, 0.8916666666666667, 0.9847222222222223, 1.0, 1.0, 1.0, 1.0, 1.0, 1.0, 1.0, 1.0, 1.0, 1.0, 1.0, 1.0, 1.0, 1.0, 1.0, 1.0, 1.0, 1.0, 1.0, 1.0, 1.0, 1.0, 1.0, 1.0, 1.0, 1.0, 1.0, 1.0, 1.0, 1.0, 1.0, 1.0, 1.0, 1.0, 1.0, 1.0, 1.0, 1.0, 1.0, 1.0, 1.0, 1.0, 1.0, 1.0, 1.0, 1.0, 1.0, 1.0, 1.0, 1.0, 1.0, 1.0, 1.0, 1.0, 1.0, 1.0, 1.0, 1.0, 1.0, 1.0, 1.0, 1.0, 1.0, 1.0, 1.0, 1.0, 1.0, 1.0, 1.0, 1.0, 1.0, 1.0], "test_accs": [0.04149377593360996, 0.0, 0.0, 0.008298755186721992, 0.016597510373443983, 0.17427385892116182, 0.44398340248962653, 0.7219917012448133, 0.7634854771784232, 0.7634854771784232, 0.7634854771784232, 0.7634854771784232, 0.7634854771784232, 0.7634854771784232, 0.7717842323651453, 0.7800829875518672, 0.7883817427385892, 0.7966804979253111, 0.8215767634854771, 0.8381742738589212, 0.8630705394190872, 0.9045643153526971, 0.921161825726141, 0.9294605809128631, 0.9294605809128631, 0.9377593360995851, 0.9543568464730291, 0.9626556016597511, 0.970954356846473, 0.979253112033195, 0.979253112033195, 0.979253112033195, 0.979253112033195, 0.979253112033195, 0.979253112033195, 0.979253112033195, 0.979253112033195, 0.983402489626556, 0.9875518672199171, 0.9875518672199171, 0.991701244813278, 0.991701244813278, 0.991701244813278, 0.991701244813278, 0.991701244813278, 0.995850622406639, 0.995850622406639, 0.995850622406639, 0.995850622406639, 0.995850622406639, 1.0, 1.0, 1.0, 1.0, 1.0, 1.0, 1.0, 1.0, 1.0, 1.0, 1.0, 1.0, 1.0, 1.0, 1.0, 1.0, 1.0, 1.0, 1.0, 1.0, 1.0, 1.0, 1.0, 1.0, 1.0, 1.0, 1.0, 1.0, 1.0, 1.0], "stage1_end": 1302, "stage2_end": 5119}