{"epochs": [0, 200, 400, 600, 800, 1000, 1200, 1400, 1600, 1800, 2000, 2200, 2400, 2600, 2800, 3000, 3200, 3400, 3600, 3800, 4000, 4200, 4400, 4600, 4800, 5000, 5200, 5400, 5600, 5800, 6000, 6200, 6400, 6600, 6800, 7000, 7200, 7400, 7600, 7800, 8000, 8200, 8400, 8600, 8800, 9000, 9200, 9400, 9600, 9800, 10000, 10200, 10400, 10600, 10800, 11000, 11200, 11400, 11600, 11800, 12000, 12200, 12400, 12600, 12800, 13000, 13200, 13400, 13600, 13800, 14000, 14200, 14400, 14600, 14800, 15000, 15200, 15400, 15600, 15800, 16000, 16200, 16400, 16600, 16800, 17000, 17200, 17400, 17600, 17800, 18000, 18200, 18400, 18600, 18800], "train_accs": [0.0380952380952381, 0.2746031746031746, 0.6365079365079365, 0.7158730158730159, 0.7253968253968254, 0.7587301587301587, 0.8571428571428571, 0.9619047619047619, 0.9968253968253968, 1.0, 1.0, 1.0, 1.0, 1.0, 1.0, 1.0, 1.0, 1.0, 1.0, 1.0, 1.0, 1.0, 1.0, 1.0, 1.0, 1.0, 1.0, 1.0, 1.0, 1.0, 1.0, 1.0, 1.0, 1.0, 1.0, 1.0, 1.0, 1.0, 1.0, 1.0, 1.0, 1.0, 1.0, 1.0, 1.0, 1.0, 1.0, 1.0, 1.0, 1.0, 1.0, 1.0, 1.0, 1.0, 1.0, 1.0, 1.0, 1.0, 1.0, 1.0, 1.0, 1.0, 1.0, 1.0, 1.0, 1.0, 1.0, 1.0, 1.0, 1.0, 1.0, 1.0, 1.0, 1.0, 1.0, 1.0, 1.0, 1.0, 1.0, 1.0, 1.0, 1.0, 1.0, 1.0, 1.0, 1.0, 1.0, 1.0, 1.0, 1.0, 1.0, 1.0, 1.0, 1.0, 1.0], "test_accs": [0.02843601895734597, 0.0, 0.004739336492890996, 0.004739336492890996, 0.014218009478672985, 0.10426540284360189, 0.3744075829383886, 0.6777251184834123, 0.7772511848341233, 0.7867298578199052, 0.7867298578199052, 0.7867298578199052, 0.7867298578199052, 0.7867298578199052, 0.7867298578199052, 0.7867298578199052, 0.7867298578199052, 0.8056872037914692, 0.8151658767772512, 0.8246445497630331, 0.8625592417061612, 0.8815165876777251, 0.9004739336492891, 0.909952606635071, 0.909952606635071, 0.919431279620853, 0.9289099526066351, 0.9289099526066351, 0.9289099526066351, 0.9383886255924171, 0.9478672985781991, 0.9478672985781991, 0.9478672985781991, 0.957345971563981, 0.957345971563981, 0.957345971563981, 0.957345971563981, 0.957345971563981, 0.957345971563981, 0.957345971563981, 0.957345971563981, 0.957345971563981, 0.957345971563981, 0.9620853080568721, 0.9620853080568721, 0.9620853080568721, 0.9620853080568721, 0.9620853080568721, 0.9620853080568721, 0.9620853080568721, 0.966824644549763, 0.966824644549763, 0.966824644549763, 0.9715639810426541, 0.9715639810426541, 0.976303317535545, 0.981042654028436, 0.981042654028436, 0.981042654028436, 0.981042654028436, 0.981042654028436, 0.981042654028436, 0.981042654028436, 0.985781990521327, 0.985781990521327, 0.985781990521327, 0.985781990521327, 0.985781990521327, 0.985781990521327, 0.985781990521327, 0.990521327014218, 0.990521327014218, 0.990521327014218, 0.990521327014218, 0.990521327014218, 0.990521327014218, 0.990521327014218, 0.990521327014218, 0.990521327014218, 0.990521327014218, 0.990521327014218, 0.990521327014218, 0.990521327014218, 0.990521327014218, 0.990521327014218, 0.990521327014218, 0.990521327014218, 0.990521327014218, 0.990521327014218, 0.990521327014218, 0.990521327014218, 0.990521327014218, 0.990521327014218, 0.995260663507109, 0.995260663507109], "stage1_end": 1387, "stage2_end": 6426}