{"std_epochs": [0, 200, 400, 600, 800, 1000, 1200, 1400, 1600, 1800, 2000, 2200, 2400, 2600, 2800, 3000, 3200, 3400, 3600, 3800, 4000, 4200, 4400, 4600, 4800], "std_ipr": [0.13423018157482147, 0.157243549823761, 0.2228567898273468, 0.29196682572364807, 0.34838753938674927, 0.39178666472435, 0.4256869852542877, 0.45251965522766113, 0.4746384620666504, 0.4929313063621521, 0.5086268782615662, 0.5224045515060425, 0.5348072648048401, 0.5462260246276855, 0.5570258498191833, 0.5675835609436035, 0.5782835483551025, 0.5889745950698853, 0.5986346006393433, 0.6067647933959961, 0.6136445999145508, 0.6198005080223083, 0.6254339814186096, 0.630692720413208, 0.6356279253959656], "std_train_loss": [3.367504596710205, 3.338958740234375, 3.2890827655792236, 3.210242509841919, 3.101012706756592, 2.9614267349243164, 2.791991710662842, 2.5938544273376465, 2.3691964149475098, 2.1212806701660156, 1.8545970916748047, 1.576684832572937, 1.2972218990325928, 1.0281834602355957, 0.782433032989502, 0.5705087184906006, 0.39813464879989624, 0.2653794586658478, 0.16905032098293304, 0.10347014665603638, 0.061329133808612823, 0.03538047894835472, 0.019941609352827072, 0.011003187857568264, 0.00595190841704607], "grokk_epochs": [0, 200, 400, 600, 800, 1000, 1200, 1400, 1600, 1800, 2000, 2200, 2400, 2600, 2800, 3000, 3200, 3400, 3600, 3800, 4000, 4200, 4400, 4600, 4800, 5000, 5200, 5400, 5600, 5800, 6000, 6200, 6400, 6600, 6800, 7000, 7200, 7400, 7600, 7800, 8000, 8200, 8400, 8600, 8800, 9000, 9200, 9400, 9600, 9800, 10000, 10200, 10400, 10600, 10800, 11000, 11200, 11400, 11600, 11800, 12000, 12200, 12400, 12600, 12800, 13000, 13200, 13400, 13600, 13800, 14000, 14200, 14400, 14600, 14800, 15000, 15200, 15400, 15600, 15800, 16000, 16200, 16400, 16600, 16800, 17000, 17200, 17400, 17600, 17800, 18000, 18200, 18400, 18600, 18800], "grokk_ipr": [0.13423018157482147, 0.1791679859161377, 0.25345271825790405, 0.30835509300231934, 0.3482919931411743, 0.38118380308151245, 0.4111083745956421, 0.43995004892349243, 0.4685785174369812, 0.4955054819583893, 0.5184201598167419, 0.5374727249145508, 0.553096354007721, 0.5663734674453735, 0.5781822204589844, 0.5888397097587585, 0.5984275341033936, 0.6071193218231201, 0.6151058673858643, 0.6224697828292847, 0.6293095946311951, 0.6357227563858032, 0.6417622566223145, 0.6475611925125122, 0.6533975601196289, 0.6594001054763794, 0.665734052658081, 0.6724110245704651, 0.6793693900108337, 0.6864961981773376, 0.693705677986145, 0.7008184194564819, 0.7077707052230835, 0.7145089507102966, 0.7209720611572266, 0.7271749973297119, 0.7331368923187256, 0.73887699842453, 0.7443866729736328, 0.7496671080589294, 0.7547229528427124, 0.759569525718689, 0.7642303705215454, 0.7687001824378967, 0.7729755640029907, 0.7770817279815674, 0.7810143232345581, 0.7848016619682312, 0.7884355783462524, 0.7919100522994995, 0.7952393889427185, 0.7984408140182495, 0.801514208316803, 0.8044542074203491, 0.8072737455368042, 0.8099943399429321, 0.8126062750816345, 0.8151098489761353, 0.8175157904624939, 0.8198224306106567, 0.8220336437225342, 0.8241578340530396, 0.8261929750442505, 0.8281418085098267, 0.830012321472168, 0.8318113088607788, 0.8335443735122681, 0.8352131843566895, 0.8368138074874878, 0.8383567333221436, 0.8398352265357971, 0.8412452936172485, 0.8425977826118469, 0.8438981771469116, 0.8451515436172485, 0.8463614583015442, 0.8475201725959778, 0.8486388921737671, 0.8497176766395569, 0.8507570028305054, 0.8517526984214783, 0.8527071475982666, 0.8536242842674255, 0.8545173406600952, 0.8553836345672607, 0.8562178611755371, 0.8570181131362915, 0.857785701751709, 0.8585275411605835, 0.8592409491539001, 0.8599284291267395, 0.86058509349823, 0.861213207244873, 0.8618186116218567, 0.8624040484428406], "grokk_train_loss": [3.3673758506774902, 3.2741942405700684, 3.0848031044006348, 2.809821367263794, 2.469627857208252, 2.0876002311706543, 1.6899569034576416, 1.3052458763122559, 0.9558895230293274, 0.6570399403572083, 0.4207279682159424, 0.252352774143219, 0.14457204937934875, 0.08066654205322266, 0.04437541216611862, 0.02424212545156479, 0.013210826553404331, 0.007199298124760389, 0.003929177299141884, 0.0021509493235498667, 0.0011827965499833226, 0.0006547111552208662, 0.00036560598528012633, 0.0002068842004518956, 0.00011917077063117176, 7.043976074783131e-05, 4.313133467803709e-05, 2.7699377824319527e-05, 1.887532380351331e-05, 1.3717080946662463e-05, 1.0653263416315895e-05, 8.794757377472706e-06, 7.633519999217242e-06, 6.901241249579471e-06, 6.4259224927809555e-06, 6.111628863436636e-06, 5.908596449444303e-06, 5.7670599744596984e-06, 5.671125563821988e-06, 5.609818344964879e-06, 5.564216735365335e-06, 5.528832389245508e-06, 5.506125944521045e-06, 5.484176654135808e-06, 5.46884939467418e-06, 5.456739927467424e-06, 5.448981937661301e-06, 5.4347906370821875e-06, 5.423437414719956e-06, 5.416436124505708e-06, 5.407920980360359e-06, 5.399406745709712e-06, 5.3901349019724876e-06, 5.382566087064333e-06, 5.3731046136817895e-06, 5.369509835873032e-06, 5.36156267116894e-06, 5.350587798602646e-06, 5.346235866454663e-06, 5.337531547411345e-06, 5.332612090569455e-06, 5.324853646015981e-06, 5.322772267390974e-06, 5.317663635651115e-06, 5.312176199367968e-06, 5.309526841301704e-06, 5.297606094245566e-06, 5.294390120980097e-06, 5.290037279337412e-06, 5.286442501528654e-06, 5.282089659885969e-06, 5.279252491163788e-06, 5.2705481721204706e-06, 5.2635468819062226e-06, 5.261087153485278e-06, 5.260140824248083e-06, 5.257870270725107e-06, 5.255599717202131e-06, 5.2487876018858515e-06, 5.248030902293976e-06, 5.246327873464907e-06, 5.240272912487853e-06, 5.239515758148627e-06, 5.23913740835269e-06, 5.233460797171574e-06, 5.230433089309372e-06, 5.229676389717497e-06, 5.226837856753264e-06, 5.220972070674179e-06, 5.220972070674179e-06, 5.2175660130160395e-06, 5.2143495850032195e-06, 5.213403255766025e-06, 5.216241788730258e-06, 5.213024905970087e-06], "grokk_test_loss": [3.3678882122039795, 3.43513560295105, 3.491466760635376, 3.5006778240203857, 3.458299160003662, 3.3516979217529297, 3.1639490127563477, 2.8855061531066895, 2.5191001892089844, 2.1094818115234375, 1.7320923805236816, 1.4426928758621216, 1.2519201040267944, 1.1293654441833496, 1.0456870794296265, 0.9825628995895386, 0.928001344203949, 0.8770025372505188, 0.826396107673645, 0.7757360339164734, 0.7249106168746948, 0.6747769713401794, 0.6273534893989563, 0.5825221538543701, 0.5403969287872314, 0.5002060532569885, 0.46309173107147217, 0.42943286895751953, 0.3987559676170349, 0.37082603573799133, 0.3453526198863983, 0.3220769464969635, 0.3009016215801239, 0.28165194392204285, 0.2646096646785736, 0.24917396903038025, 0.2353287786245346, 0.22275297343730927, 0.2112904042005539, 0.20070183277130127, 0.19099462032318115, 0.18220798671245575, 0.17423146963119507, 0.1669941544532776, 0.16031722724437714, 0.15416714549064636, 0.14851441979408264, 0.143406942486763, 0.13868020474910736, 0.13425293564796448, 0.13021060824394226, 0.12652775645256042, 0.1232377216219902, 0.12026184052228928, 0.1175781637430191, 0.11511778086423874, 0.11287255585193634, 0.11071719229221344, 0.10868845134973526, 0.10682115703821182, 0.10506769269704819, 0.10340581089258194, 0.10186821222305298, 0.10046078264713287, 0.09924938529729843, 0.09808613359928131, 0.09703537821769714, 0.0960240513086319, 0.09501074999570847, 0.09409032016992569, 0.09326015412807465, 0.09251376986503601, 0.09186308085918427, 0.09124846011400223, 0.09067808091640472, 0.09017036855220795, 0.089728444814682, 0.08932075649499893, 0.08893541246652603, 0.08858773857355118, 0.08829225599765778, 0.08802799135446548, 0.08778895437717438, 0.08759403973817825, 0.08737300336360931, 0.08714783191680908, 0.08693039417266846, 0.08673247694969177, 0.08654900640249252, 0.08636441081762314, 0.08614670485258102, 0.08596065640449524, 0.08581027388572693, 0.08567092567682266, 0.08556438982486725]}