{"pairs": [[0, 0], [1, 0], [2, 0], [3, 0], [4, 0], [5, 0], [6, 0], [7, 0], [8, 0], [9, 0], [10, 0], [11, 0], [12, 0], [13, 0], [14, 0], [15, 0], [16, 0], [17, 0], [18, 0], [19, 0], [20, 0], [21, 0], [22, 0], [23, 0], [24, 0], [25, 0], [26, 0], [27, 0], [28, 0]], "correct_answers": [0, 1, 2, 3, 4, 5, 6, 7, 8, 9, 10, 11, 12, 13, 14, 15, 16, 17, 18, 19, 20, 21, 22, 23, 24, 25, 26, 27, 28], "logits": [[8.386585235595703, 0.8601207733154297, 0.2750619649887085, 0.6782267689704895, 0.2738998830318451, 0.19839388132095337, 0.5675510764122009, 0.313188761472702, 0.7457876801490784, 0.4859226942062378, 0.7639032006263733, -0.5394684076309204, -0.1735517680644989, 0.2178715020418167, 0.8090512752532959, 0.3815879225730896, 0.12459331005811691, 0.6948057413101196, 0.5853666067123413, 0.6747702360153198, 0.6681279540061951, -0.5665274858474731, 0.49005061388015747, 1.0003578662872314, 0.5687851309776306, 1.4459681510925293, 0.4202272593975067, -0.07372214645147324, 0.06499620527029037], [2.0458319187164307, 9.485129356384277, 1.5594817399978638, -0.9798992872238159, 0.05506226047873497, 0.044013265520334244, -0.8416075110435486, 0.10250599682331085, 0.20994259417057037, 0.26692694425582886, -0.1540907621383667, 0.39319661259651184, 0.6015694737434387, -0.46722954511642456, -0.3711845576763153, -0.018325136974453926, 0.09610661119222641, -0.3706552982330322, 0.4128189980983734, 0.08299361169338226, -0.2572094798088074, -0.25374704599380493, -0.10529796779155731, 0.4120747447013855, 0.15520647168159485, -0.8009994029998779, 0.26538631319999695, 0.05384296178817749, -1.2798128128051758], [2.490340232849121, -0.17874139547348022, 9.989709854125977, 1.4462854862213135, 1.96712327003479, 0.5381106734275818, -3.2036991119384766, -0.9548507928848267, 1.6466151475906372, 0.15144476294517517, -0.09388314187526703, -0.12312618643045425, -0.25959938764572144, 0.0015848983312025666, -0.8724943399429321, -0.02137073688209057, 0.1398143619298935, 0.040804557502269745, 0.3494148850440979, -0.5828227996826172, -0.4896256923675537, -0.3887422978878021, 0.15905380249023438, 1.2994129657745361, -0.7758091688156128, 0.3792208433151245, 0.44803690910339355, -1.7024763822555542, -0.35539090633392334], [1.1411738395690918, 0.6915367245674133, -0.2657960057258606, 9.782096862792969, -0.06195280700922012, -0.794861376285553, 2.0639281272888184, -0.24845676124095917, -0.45144662261009216, -1.0942388772964478, 0.3066581189632416, -0.5833268761634827, -0.6794107556343079, -0.0022868358064442873, -0.40153923630714417, 0.035213783383369446, 0.37447890639305115, -0.230376198887825, -1.1682530641555786, 0.1132645457983017, -0.018679888918995857, 0.46774822473526, 0.08443156629800797, -0.060653481632471085, 0.5860090851783752, 0.3822749853134155, -1.3233319520950317, -0.05972379446029663, 0.6150244474411011], [2.146987199783325, 0.39463672041893005, 0.1822294443845749, 1.2826333045959473, 9.427732467651367, -0.0963730737566948, -0.018068833276629448, -0.5310510993003845, 1.834859848022461, -0.030411837622523308, 0.5958446264266968, -0.9718188643455505, -1.3791170120239258, 0.5060709118843079, 0.9411452412605286, 0.05255884677171707, -0.38972097635269165, -0.08163241297006607, 1.03304922580719, -0.1654679924249649, 0.39799270033836365, -0.9766505360603333, -1.0040384531021118, 0.5025814771652222, 0.05813392624258995, -0.3347451388835907, -0.4439762830734253, 0.059790853410959244, -0.556132435798645], [1.5120888948440552, 0.41281813383102417, 0.03847778961062431, 0.13089537620544434, -0.5528407096862793, 9.680109977722168, 0.04042985662817955, -0.06547489762306213, 0.11435820162296295, -0.4260331392288208, 2.0455543994903564, -0.5287731885910034, -0.9047191739082336, -0.5254902243614197, -0.039505619555711746, -0.20381684601306915, -0.05048010125756264, -0.3793303668498993, -0.4094676375389099, 0.7411555051803589, -0.06632505357265472, -0.9995810389518738, -0.27834540605545044, 1.0426205396652222, -0.7672325372695923, -0.17791886627674103, 0.4759507179260254, 0.4323921203613281, 0.804984450340271], [2.246121644973755, 0.1264442652463913, -0.03994109109044075, 0.3222128450870514, 0.09611924737691879, 0.2890534996986389, 9.911796569824219, 0.08366143703460693, 0.4860444664955139, -0.47764208912849426, 0.08114122599363327, -0.40877607464790344, 1.6959342956542969, -0.13081665337085724, 0.23735658824443817, -0.28967562317848206, -0.4096846878528595, -0.2677851617336273, -1.166975498199463, 0.33139660954475403, -0.39317062497138977, -0.10203008353710175, -0.059423308819532394, -1.599926233291626, 0.1472259759902954, 0.7951865196228027, -0.875277578830719, 0.5081847906112671, 0.13877883553504944], [2.1264615058898926, -0.4671776294708252, -0.22472308576107025, 0.9390124082565308, -0.09713315963745117, 0.4571218490600586, -0.5543906688690186, 9.94864273071289, 0.23519159853458405, 0.31366056203842163, -0.41268956661224365, -0.3273613750934601, -1.3783618211746216, 1.5203096866607666, 1.2344791889190674, 0.48462533950805664, -0.5112699270248413, 1.606216311454773, -0.1968616247177124, -0.7778871059417725, -0.5693581700325012, -1.131190299987793, -1.3178459405899048, -0.5292441248893738, -0.4488844573497772, -0.16903328895568848, 1.1699632406234741, -0.5340418219566345, 0.2102268934249878], [1.4844353199005127, 0.37466901540756226, -0.49326539039611816, 0.27744030952453613, 0.024845847859978676, -0.9909778237342834, 0.3949134647846222, 0.7675324082374573, 9.859875679016113, 0.705552875995636, 0.149465873837471, 0.15445014834403992, -0.6293016076087952, -0.4777110815048218, 1.1856820583343506, 0.09332238137722015, 2.6922714710235596, -0.2656869888305664, 0.2878016233444214, 0.34146443009376526, 0.09310264885425568, -1.8826793432235718, 0.14253516495227814, 0.23480461537837982, -2.634958267211914, -0.21998435258865356, -0.4225587248802185, 0.4916626811027527, -0.011635519564151764], [0.889970064163208, 0.7391539216041565, 0.06840809434652328, 0.3247646391391754, 0.19658076763153076, 1.1748501062393188, -1.0693156719207764, 0.4368284344673157, -0.0013994646724313498, 9.366740226745605, 0.1888103187084198, 0.6154676079750061, -0.3657892346382141, 0.3062865436077118, -0.2754235863685608, 0.3376297354698181, 0.01980908028781414, 0.5317823886871338, 1.6711419820785522, 1.1073534488677979, -1.595633864402771, -0.0686514675617218, -0.34226149320602417, -0.5495394468307495, -1.1656162738800049, -0.09427905827760696, -0.29296910762786865, -1.4427579641342163, -0.01704292558133602], [1.5322359800338745, -0.7684625387191772, 0.7688477635383606, -0.4772830605506897, 0.09037550538778305, 0.5582441091537476, 0.4234260022640228, 0.34838172793388367, 0.4711547791957855, 0.7803043127059937, 10.03335189819336, -0.6593930125236511, 0.6387261152267456, -0.45466241240501404, 0.21486087143421173, -0.48189300298690796, 0.5257707834243774, 0.6712746024131775, 0.2933855652809143, -1.5076817274093628, 2.3396618366241455, -0.566034197807312, -0.9530957937240601, 0.3838878870010376, -0.33552634716033936, 0.138894721865654, 0.39193305373191833, -0.9718966484069824, -0.41484230756759644], [2.184584856033325, 1.729663610458374, 0.03483414277434349, -0.06365787237882614, -2.236081600189209, -0.24973995983600616, -0.5437883734703064, 0.9552139043807983, -0.13994914293289185, 0.5328502655029297, 0.41427433490753174, 9.898024559020996, -0.1200203225016594, 0.6603564023971558, 0.2788909673690796, -0.6207838654518127, -0.3212188184261322, 0.5563849806785583, -0.9864797592163086, 0.6721207499504089, -0.4983106255531311, -0.7517939209938049, 2.5323541164398193, -0.9631307721138, 0.39399954676628113, 0.6600134968757629, -0.08579706400632858, -0.32200416922569275, -0.33454573154449463], [1.3598626852035522, 0.24175292253494263, 0.47296032309532166, -0.14076614379882812, -0.12623322010040283, -0.4379520118236542, -0.14762866497039795, -1.6960710287094116, 1.0055644512176514, -1.221612811088562, 1.4765496253967285, 0.2999803423881531, 10.013762474060059, 0.49776098132133484, 0.4970382750034332, 0.2229394018650055, -0.15706270933151245, 