{"std_epochs": [0, 200, 400, 600, 800, 1000, 1200, 1400, 1600, 1800, 2000, 2200, 2400, 2600, 2800, 3000, 3200, 3400, 3600, 3800, 4000, 4200, 4400, 4600, 4800], "std_ipr": [0.2509222626686096, 0.26378345489501953, 0.3110557198524475, 0.36821821331977844, 0.4191873371601105, 0.46056264638900757, 0.4932430386543274, 0.518873393535614, 0.5395100712776184, 0.5563467741012573, 0.5705686807632446, 0.5829041600227356, 0.5938962697982788, 0.6040970087051392, 0.6136700510978699, 0.6225748658180237, 0.6310203671455383, 0.6389821171760559, 0.6463097333908081, 0.6528617739677429, 0.6585475206375122, 0.6634621620178223, 0.6678526401519775, 0.6718972325325012, 0.6756421327590942], "std_train_loss": [2.7085084915161133, 2.677509307861328, 2.6341302394866943, 2.5730724334716797, 2.492614269256592, 2.3927817344665527, 2.2741761207580566, 2.137855052947998, 1.9853696823120117, 1.8187763690948486, 1.6410351991653442, 1.4555929899215698, 1.2665268182754517, 1.0787031650543213, 0.8973091840744019, 0.7275450825691223, 0.5740776062011719, 0.44004037976264954, 0.32742777466773987, 0.23663438856601715, 0.1664789468050003, 0.1142977625131607, 0.0767836645245552, 0.05059399828314781, 0.032766345888376236]}