{"pairs": [[0, 0], [1, 0], [2, 0], [3, 0], [4, 0], [5, 0], [6, 0], [7, 0], [8, 0], [9, 0], [10, 0], [11, 0], [12, 0], [13, 0], [14, 0]], "correct_answers": [0, 1, 2, 3, 4, 5, 6, 7, 8, 9, 10, 11, 12, 13, 14], "logits": [[5.845241069793701, -0.2678382396697998, -0.27407053112983704, 0.5236045718193054, 0.1727389544248581, -0.5161969065666199, 0.32797300815582275, 0.03217152878642082, 0.9118141531944275, 0.1262667030096054, -0.48561030626296997, -0.08425326645374298, 0.7506414651870728, 0.26417604088783264, 0.06685394793748856], [1.2039813995361328, 6.88271427154541, 1.5816727876663208, -1.3607698678970337, 0.2838805019855499, -0.1305035948753357, -0.1361088901758194, 0.1741233468055725, -0.20070961117744446, -0.19441378116607666, -0.07290667295455933, -0.036422792822122574, -0.045937348157167435, -0.4817635118961334, -1.3201030492782593], [1.021496057510376, 0.460868775844574, 6.665925979614258, -0.31677037477493286, 0.5722809433937073, -0.4090900421142578, -1.4602270126342773, -1.284806728363037, 0.1630801558494568, -0.14396820962429047, 0.21148079633712769, 0.009713075123727322, -0.13466662168502808, -1.4001739025115967, -0.48616650700569153], [2.0029213428497314, -1.0664080381393433, 0.1110871359705925, 6.9900641441345215, -0.6577256321907043, 0.14176632463932037, 0.5043318271636963, -0.9338439702987671, -0.5924315452575684, 0.0853288546204567, -0.8137574791908264, 0.2345130294561386, -0.747736930847168, -0.7098338603973389, -0.09835103899240494], [1.1424025297164917, -0.11194394528865814, -0.35566678643226624, 0.07304318249225616, 6.601017951965332, -0.7027722001075745, -0.2666034996509552, -0.44442567229270935, 0.8163065314292908, -0.5371125340461731, 0.3994847536087036, -2.494434118270874, -0.7756778001785278, -0.05254651606082916, -0.19730210304260254], [-0.2894173860549927, -0.4359486699104309, -0.5648083686828613, 0.2765766680240631, -0.8157410025596619, 6.83429479598999, -0.35287508368492126, -0.13654330372810364, 0.4015010595321655, -0.5329406261444092, -0.8750499486923218, 0.27872195839881897, 0.017333246767520905, 0.40312278270721436, -0.36508798599243164], [0.8411731719970703, -0.7100308537483215, -0.03279941901564598, -1.725080132484436, 0.041413623839616776, -0.020579706877470016, 7.065398216247559, -0.6480932235717773, 0.3441147208213806, -0.6311541795730591, -0.5848420858383179, 0.23020878434181213, 1.6761562824249268, -0.4346846342086792, 0.1869385540485382], [1.0707398653030396, 0.15244746208190918, -0.8544912338256836, -0.15931977331638336, -0.30050942301750183, -0.14030054211616516, -0.8752976059913635, 6.867440223693848, -0.9738104343414307, -0.016967639327049255, 0.06942860782146454, -0.36363551020622253, -0.5302596092224121, -0.04578635096549988, 1.362797498703003], [1.3280404806137085, 0.42291590571403503, 0.2617959976196289, -0.14120015501976013, 0.16784554719924927, -0.3041268587112427, -0.9258386492729187, -1.557655930519104, 6.762355327606201, -1.1574827432632446, 0.6234251260757446, 0.20528843998908997, -0.12094193696975708, -0.20512300729751587, 0.5443016290664673], [1.1472804546356201, -0.6102383732795715, -0.025639446452260017, 1.0203014612197876, -0.7307616472244263, -0.12430916726589203, -1.7754124402999878, -0.18994221091270447, -0.2811968922615051, 7.137627601623535, -0.20736677944660187, -0.2558075189590454, -0.8490561842918396, -0.11468800902366638, -0.2236211597919464], [-0.4398433268070221, -0.21957175433635712, 0.3112000524997711, -0.31722167134284973, -0.045922309160232544, -0.8279529213905334, 0.09667133539915085, -0.1345088630914688, -0.4463891386985779, -0.33588770031929016, 6.491363525390625, -0.12330206483602524, 0.10725130885839462, 0.42743009328842163, -0.8439421057701111], [0.8614866733551025, -0.09104573726654053, -0.26044338941574097, -1.4104074239730835, -1.4556188583374023, -0.1587509959936142, -0.8687411546707153, 0.6269921064376831, -0.11933901160955429, -0.3620198369026184, 0.2740001678466797, 6.834388256072998, 0.9378089308738708, -0.8011277914047241, 0.10253019630908966], [0.8134461045265198, -0.5108746886253357, -0.11389578878879547, -0.7348212003707886, -0.3866046965122223, -0.30147287249565125, -1.0970127582550049, -0.5308148264884949, -0.25204434990882874, 0.6024379134178162, -0.5250549912452698, 0.2944880723953247, 6.6044793128967285, -0.06822022795677185, 0.009033107198774815], [1.3036129474639893, 0.3358013927936554, -1.516667366027832, -0.7404187321662903, 0.37273597717285156, 0.4566952586174011, -0.5649716854095459, -0.16146983206272125, -0.5403905510902405, -0.6627720594406128, 0.10609856992959976, 1.1525702476501465, 0.3066888749599457, 6.983869552612305, 0.6811028122901917], [1.5695332288742065, -1.1690753698349, 0.29273056983947754, -0.6167480945587158, -0.481355756521225, 0.3711283802986145, -0.3477175235748291, 0.06404877454042435, -0.34069737792015076, -0.5002283453941345, -0.22661544382572174, 0.29657235741615295, -1.5196651220321655, 1.143660306930542, 6.862580299377441]], "output_classes": [0, 1, 2, 3, 4, 5, 6, 7, 8, 9, 10, 11, 12, 13, 14]}