{"fourier_basis_names": ["Const", "cos 1", "sin 1", "cos 2", "sin 2", "cos 3", "sin 3", "cos 4", "sin 4", "cos 5", "sin 5", "cos 6", "sin 6", "cos 7", "sin 7"], "neurons": {"neuron_0": {"global_index": 298, "dominant_freq": 1, "fourier_magnitudes_in": [0.009785229340195656, 0.835197389125824, 0.06538262963294983, 0.023014001548290253, 0.11825679987668991, 0.13374952971935272, 0.06052215397357941, 0.05648910254240036, 0.19347421824932098, 0.022295288741588593, 0.025461282581090927, 0.10164802521467209, 0.13591913878917694, 0.05420650914311409, 0.015495105646550655], "fourier_magnitudes_out": [0.05270613357424736, 0.8947794437408447, 0.023624544963240623, 0.0090867318212986, 0.013868873007595539, 0.23038825392723083, 0.01721891760826111, 0.03962008282542229, 0.026063552126288414, 0.13086184859275818, 0.030048014596104622, 0.0664755254983902, 0.05337228253483772, 0.13469304144382477, 0.026413951069116592]}, "neuron_1": {"global_index": 322, "dominant_freq": 2, "fourier_magnitudes_in": [0.0048967949114739895, 0.05831458047032356, 0.047817476093769073, 0.8282294273376465, 0.08354193717241287, 0.07255098968744278, 0.11165464669466019, 0.025725897401571274, 0.1043122410774231, 0.06207004189491272, 0.03182118758559227, 0.16142725944519043, 0.05974670872092247, 0.07021868228912354, 0.14918409287929535], "fourier_magnitudes_out": [0.0682767927646637, 0.04459874704480171, 0.048241592943668365, 0.8725450038909912, 0.12229588627815247, 0.00944548286497593, 0.04323046654462814, 0.04066399484872818, 0.016419490799307823, 0.08050032705068588, 0.10128692537546158, 0.2789347767829895, 0.11171453446149826, 0.0022370540536940098, 0.05760588496923447]}, "neuron_2": {"global_index": 506, "dominant_freq": 3, "fourier_magnitudes_in": [0.16119761765003204, 0.007301056291908026, 0.015491282567381859, 0.008759702555835247, 0.012521358206868172, 0.8759171366691589, 0.027130309492349625, 0.011930187232792377, 0.008996764197945595, 0.017064398154616356, 0.0032833898440003395, 0.2937963902950287, 0.03241246938705444, 0.01809331774711609, 0.01297019049525261], "fourier_magnitudes_out": [0.1367007941007614, 0.08054599165916443, 0.009201026521623135, 0.04534965381026268, 0.08026888966560364, 0.8633893728256226, 0.050462786108255386, 0.0044480981305241585, 0.03184027969837189, 0.05210161209106445, 0.04297168180346489, 0.32101351022720337, 0.06568200141191483, 0.035220254212617874, 0.014398200437426567]}, "neuron_3": {"global_index": 163, "dominant_freq": 4, "fourier_magnitudes_in": [0.031200144439935684, 0.04270334914326668, 0.08881780505180359, 0.030023256316781044, 0.08304275572299957, 0.04510613903403282, 0.1826746016740799, 0.03483400121331215, 0.8419885039329529, 0.013886661268770695, 0.08348363637924194, 0.050276018679142, 0.10324658453464508, 0.007152870763093233, 0.037329111248254776], "fourier_magnitudes_out": [0.0033031131606549025, 0.04313803091645241, 0.04859255626797676, 0.03949907422065735, 0.0202469564974308, 0.20968425273895264, 0.08351283520460129, 0.8787142038345337, 0.06666962057352066, 0.12211224436759949, 0.0748063325881958, 0.03903647139668465, 0.004882670473307371, 0.03963864594697952, 0.00997573509812355]}, "neuron_4": {"global_index": 56, "dominant_freq": 5, "fourier_magnitudes_in": [0.3008343279361725, 0.00417996384203434, 0.0018625137163326144, 0.0030638582538813353, 0.0034040315076708794, 0.0014134111115708947, 0.004357232246547937, 0.0004787891812156886, 0.004558315966278315, 0.8440173864364624, 0.003970965277403593, 0.0037021928001195192, 0.00269315205514431, 0.004479836206883192, 0.0009506550850346684], "fourier_magnitudes_out": [0.34606269001960754, 0.027366885915398598, 0.036413464695215225, 0.017639687284827232, 0.027893830090761185, 0.009557241573929787, 0.03348158299922943, 0.02666180580854416, 0.006313585676252842, 0.9367755651473999, 0.021462714299559593, 0.004096114542335272, 0.023737004026770592, 0.012917638756334782, 0.005492078140377998]}, "neuron_5": {"global_index": 382, "dominant_freq": 6, "fourier_magnitudes_in": [0.17134937644004822, 0.030019262805581093, 0.003407673677429557, 0.009750651195645332, 0.017143065109848976, 0.29516395926475525, 0.04455732926726341, 0.0013349098153412342, 0.022812439128756523, 0.007311187218874693, 0.0026531207840889692, 0.8911311626434326, 0.017707478255033493, 0.012044227682054043, 0.007314047310501337], "fourier_magnitudes_out": [0.15681979060173035, 0.02663942240178585, 0.015795163810253143, 0.03183992952108383, 0.019026663154363632, 0.34929507970809937, 0.021825529634952545, 0.0012088950024917722, 0.013926293700933456, 0.004897939506918192, 0.010765696875751019, 0.9581749439239502, 0.012587963603436947, 0.02056090161204338, 0.01620820164680481]}, "neuron_6": {"global_index": 44, "dominant_freq": 7, "fourier_magnitudes_in": [0.016063887625932693, 0.005506421905010939, 0.06481847167015076, 0.050152119249105453, 0.08404979109764099, 0.04145295172929764, 0.0641774982213974, 0.06344524770975113, 0.07214409857988358, 0.09170015156269073, 0.048928599804639816, 0.22082282602787018, 0.04532390087842941, 0.8467198014259338, 0.08364292979240417], "fourier_magnitudes_out": [0.015495719388127327, 0.0706552267074585, 0.03188098222017288, 0.022803593426942825, 0.05851001664996147, 0.006458980031311512, 0.07394170761108398, 0.06014903634786606, 0.08831571042537689, 0.10563234984874725, 0.11405274271965027, 0.26272422075271606, 0.13614341616630554, 0.9203148484230042, 0.14940021932125092]}, "neuron_7": {"global_index": 157, "dominant_freq": 1, "fourier_magnitudes_in": [0.023283498361706734, 0.14338412880897522, 0.8202316761016846, 0.05399405211210251, 0.058775369077920914, 0.12734520435333252, 0.1968384087085724, 0.070158950984478, 0.07580292969942093, 0.14696937799453735, 0.0658537819981575, 0.08757402002811432, 0.050403349101543427, 0.07286650687456131, 0.030624864622950554], "fourier_magnitudes_out": [0.10438423603773117, 0.8233321905136108, 0.2895442247390747, 0.11436242610216141, 0.043502938002347946, 0.08488017320632935, 0.21032141149044037, 0.03133478760719299, 0.147483691573143, 0.09128359705209732, 0.11333037912845612, 0.042169392108917236, 0.14409606158733368, 0.06334586441516876, 0.010641958564519882]}, "neuron_8": {"global_index": 436, "dominant_freq": 2, "fourier_magnitudes_in": [0.02816132642328739, 0.0366082526743412, 0.09432870894670486, 0.82112056016922, 0.2999240458011627, 0.07823537290096283, 0.07104597240686417, 0.010237633250653744, 0.05316127836704254, 0.01780366338789463, 0.10813448578119278, 0.10922082513570786, 0.2154001146554947, 0.06505948305130005, 0.005772633943706751], "fourier_magnitudes_out": [0.07935837656259537, 0.05681774765253067, 0.11203812062740326, 0.7207208275794983, 0.5456924438476562, 0.08229123800992966, 0.0757966861128807, 0.025318337604403496, 0.12979470193386078, 0.16904646158218384, 0.01633336953818798, 0.10492201149463654, 0.25266337394714355, 0.07896621525287628, 0.056506332010030746]}, "neuron_9": {"global_index": 339, "dominant_freq": 3, "fourier_magnitudes_in": [0.00793448369950056, 0.23576614260673523, 0.05173733830451965, 0.0808015987277031, 0.08904809504747391, 0.8467172980308533, 0.07009700685739517, 0.2346189022064209, 0.06041780859231949, 0.22861061990261078, 0.005940192844718695, 0.08250848948955536, 0.05041716247797012, 0.09760993719100952, 0.08870971947908401], "fourier_magnitudes_out": [0.07995986938476562, 0.058010708540678024, 0.0238045621663332, 0.044154077768325806, 0.06384548544883728, 0.8888619542121887, 0.1083059012889862, 0.05018500238656998, 0.06562003493309021, 0.032845836132764816, 0.06583794951438904, 0.19849520921707153, 0.08598171174526215, 0.048292793333530426, 0.056917209178209305]}, "neuron_10": {"global_index": 405, "dominant_freq": 4,