{"epochs": [0, 200, 400, 600, 800, 1000, 1200, 1400, 1600, 1800, 2000, 2200, 2400, 2600, 2800, 3000, 3200, 3400, 3600, 3800, 4000, 4200, 4400, 4600, 4800, 5000, 5200, 5400, 5600, 5800, 6000, 6200, 6400, 6600, 6800, 7000, 7200, 7400, 7600, 7800, 8000, 8200, 8400, 8600, 8800, 9000, 9200, 9400, 9600, 9800, 10000, 10200, 10400, 10600, 10800, 11000, 11200, 11400, 11600, 11800, 12000, 12200, 12400, 12600, 12800, 13000, 13200, 13400, 13600, 13800, 14000, 14200, 14400, 14600, 14800, 15000, 15200, 15400, 15600, 15800, 16000, 16200, 16400, 16600, 16800, 17000, 17200, 17400, 17600, 17800, 18000, 18200, 18400, 18600, 18800, 19000, 19200, 19400, 19600, 19800, 20000, 20200, 20400, 20600, 20800, 21000, 21200, 21400, 21600, 21800, 22000, 22200, 22400, 22600, 22800, 23000, 23200, 23400, 23600, 23800], "train_accs": [0.045454545454545456, 0.23737373737373738, 0.5404040404040404, 0.7272727272727273, 0.7348484848484849, 0.7424242424242424, 0.76010101010101, 0.8055555555555556, 0.8838383838383839, 0.9671717171717171, 0.9924242424242424, 0.9974747474747475, 1.0, 1.0, 1.0, 1.0, 1.0, 1.0, 1.0, 1.0, 1.0, 1.0, 1.0, 1.0, 1.0, 1.0, 1.0, 1.0, 1.0, 1.0, 1.0, 1.0, 1.0, 1.0, 1.0, 1.0, 1.0, 1.0, 1.0, 1.0, 1.0, 1.0, 1.0, 1.0, 1.0, 1.0, 1.0, 1.0, 1.0, 1.0, 1.0, 1.0, 1.0, 1.0, 1.0, 1.0, 1.0, 1.0, 1.0, 1.0, 1.0, 1.0, 1.0, 1.0, 1.0, 1.0, 1.0, 1.0, 1.0, 1.0, 1.0, 1.0, 1.0, 1.0, 1.0, 1.0, 1.0, 1.0, 1.0, 1.0, 1.0, 1.0, 1.0, 1.0, 1.0, 1.0, 1.0, 1.0, 1.0, 1.0, 1.0, 1.0, 1.0, 1.0, 1.0, 1.0, 1.0, 1.0, 1.0, 1.0, 1.0, 1.0, 1.0, 1.0, 1.0, 1.0, 1.0, 1.0, 1.0, 1.0, 1.0, 1.0, 1.0, 1.0, 1.0, 1.0, 1.0, 1.0, 1.0, 1.0], "test_accs": [0.03759398496240601, 0.007518796992481203, 0.007518796992481203, 0.007518796992481203, 0.015037593984962405, 0.03007518796992481, 0.06766917293233082, 0.18045112781954886, 0.39849624060150374, 0.6466165413533834, 0.7142857142857143, 0.7293233082706767, 0.7368421052631579, 0.7368421052631579, 0.7368421052631579, 0.7368421052631579, 0.7368421052631579, 0.7368421052631579, 0.7368421052631579, 0.7368421052631579, 0.7368421052631579, 0.7368421052631579, 0.7368421052631579, 0.7368421052631579, 0.7368421052631579, 0.7368421052631579, 0.7368421052631579, 0.7518796992481203, 0.7669172932330827, 0.7819548872180451, 0.7819548872180451, 0.7819548872180451, 0.7819548872180451, 0.7819548872180451, 0.7819548872180451, 0.7819548872180451, 0.7969924812030075, 0.8270676691729323, 0.8270676691729323, 0.8421052631578947, 0.9022556390977443, 0.9022556390977443, 0.9022556390977443, 0.9022556390977443, 0.9172932330827067, 0.9323308270676691, 0.9323308270676691, 0.9323308270676691, 0.9624060150375939, 0.9624060150375939, 0.9624060150375939, 0.9624060150375939, 0.9624060150375939, 0.9624060150375939, 0.9624060150375939, 0.9624060150375939, 0.9624060150375939, 0.9624060150375939, 0.9624060150375939, 0.9624060150375939, 0.9624060150375939, 0.9624060150375939, 0.9624060150375939, 0.9624060150375939, 0.9624060150375939, 0.9624060150375939, 0.9624060150375939, 0.9624060150375939, 0.9624060150375939, 0.9624060150375939, 0.9624060150375939, 0.9624060150375939, 0.9624060150375939, 0.9624060150375939, 0.9624060150375939, 0.9624060150375939, 0.9624060150375939, 0.9624060150375939, 0.9624060150375939, 0.9624060150375939, 0.9624060150375939, 0.9624060150375939, 0.9624060150375939, 0.9624060150375939, 0.9624060150375939, 0.9624060150375939, 0.9624060150375939, 0.9624060150375939, 0.9624060150375939, 0.9624060150375939, 0.9624060150375939, 0.9624060150375939, 0.9624060150375939, 0.9624060150375939, 0.9624060150375939, 0.9624060150375939, 0.9624060150375939, 0.9624060150375939, 0.9624060150375939, 0.9624060150375939, 0.9624060150375939, 0.9624060150375939, 0.9624060150375939, 0.9624060150375939, 0.9624060150375939, 0.9624060150375939, 0.9624060150375939, 0.9624060150375939, 0.9624060150375939, 0.9624060150375939, 0.9624060150375939, 0.9624060150375939, 0.9624060150375939, 0.9624060150375939, 0.9624060150375939, 0.9624060150375939, 0.9624060150375939, 0.9624060150375939, 0.9624060150375939, 0.9624060150375939], "stage1_end": 1744, "stage2_end": 9431}