{"pairs": [[0, 0], [1, 0], [2, 0], [3, 0], [4, 0], [5, 0], [6, 0], [7, 0], [8, 0], [9, 0], [10, 0], [11, 0], [12, 0], [13, 0], [14, 0], [15, 0], [16, 0], [17, 0], [18, 0], [19, 0], [20, 0], [21, 0], [22, 0]], "correct_answers": [0, 1, 2, 3, 4, 5, 6, 7, 8, 9, 10, 11, 12, 13, 14, 15, 16, 17, 18, 19, 20, 21, 22], "logits": [[5.300685882568359, -0.07946113497018814, 1.0929306745529175, 0.3002256155014038, 0.2637540102005005, 0.8448391556739807, -0.469417542219162, 0.40589359402656555, 0.6814822554588318, -0.1728406697511673, -0.04773693159222603, -0.26445335149765015, 0.14368288218975067, 0.10296878218650818, 0.031063243746757507, -0.005796502344310284, 1.1543523073196411, 0.1286228597164154, 0.8502471446990967, -0.525044322013855, 0.024952370673418045, -0.01204043347388506, 0.5025946497917175], [1.1367297172546387, 6.5828142166137695, 1.3267158269882202, -0.8112195730209351, -0.2266523540019989, 0.5991442799568176, -0.20638972520828247, 0.0982496365904808, 0.7902640700340271, 0.5636495351791382, -0.7521463632583618, 0.19021610915660858, 0.2651330828666687, 0.6931602358818054, -0.46949315071105957, -0.5180027484893799, -0.09287703782320023, -0.08098271489143372, -0.7161938548088074, 0.050082605332136154, -1.1678048372268677, -0.38399040699005127, -0.8539862632751465], [1.6690495014190674, 0.4936886131763458, 6.946799278259277, 0.03553576394915581, 1.1405280828475952, 0.13751906156539917, -0.5608093738555908, -0.874996542930603, 0.5731721520423889, 0.1859932392835617, 0.4930168092250824, -0.03820302337408066, 0.05867976322770119, -0.1252945065498352, -0.18977037072181702, -0.11578955501317978, 0.7829425930976868, -0.17263250052928925, -0.30609849095344543, -0.6049508452415466, 0.15847544372081757, -1.9311820268630981, 0.1751205176115036], [0.4650777578353882, -0.016390405595302582, 1.0063189268112183, 6.403184413909912, -0.7876699566841125, -0.015453611500561237, 1.5995272397994995, 0.056013986468315125, 0.24517957866191864, -0.6637821197509766, -0.019660258665680885, 1.1252164840698242, -0.7072678208351135, 0.14205528795719147, -0.3586592376232147, 0.5406651496887207, -0.6132597327232361, -0.736568033695221, -0.2683885991573334, 0.10037093609571457, -1.6257188320159912, -0.5528353452682495, -0.15310798585414886], [0.8618813157081604, -0.1722947508096695, 0.10860300064086914, -0.19903337955474854, 6.503420829772949, 0.340181440114975, 0.12690521776676178, -0.7849650979042053, 2.6143381595611572, -0.37405553460121155, -0.7709656953811646, 0.5180090069770813, -0.4302027225494385, -1.1382617950439453, 0.42637863755226135, 0.2931569516658783, 0.2963363528251648, -0.3196732699871063, 0.3290950655937195, -1.0779625177383423, 0.1329755336046219, -0.6308057904243469, -0.08537574857473373], [1.9732096195220947, -0.4962959289550781, -0.19229775667190552, -0.447905957698822, 0.4567214548587799, 7.050549030303955, -1.0368417501449585, 0.5185499787330627, 0.6307108998298645, 0.02835659869015217, 0.5571498274803162, -0.37493109703063965, -0.32936057448387146, 0.6346046924591064, -0.8060530424118042, -1.9653825759887695, 0.1059480607509613, 0.06195738539099693, -0.9488839507102966, -0.29312941431999207, -0.2117878645658493, -0.2100362330675125, -0.028813892975449562], [0.1091715395450592, 0.15785609185695648, -0.07555349916219711, -0.09394106268882751, -0.390912801027298, -0.0694151446223259, 6.719128131866455, -0.6130827069282532, 0.5761215090751648, -0.29871809482574463, -0.07873882353305817, -0.2247556447982788, 1.078786015510559, -0.4199047088623047, 0.24637019634246826, -0.8003573417663574, 0.019003013148903847, -0.7071625590324402, -0.7837004661560059, 0.07137870043516159, -0.32539716362953186, 0.09524303674697876, 1.332937240600586], [1.0527777671813965, -0.6903309226036072, 0.6971687078475952, -0.4980686902999878, -1.0796180963516235, 0.1944531351327896, 0.008775590918958187, 6.722039699554443, 0.12218116223812103, -0.21458163857460022, -0.3551218807697296, 0.7641668319702148, -0.4049362242221832, -0.7522486448287964, 1.3321499824523926, 0.9609086513519287, -0.6029389500617981, -0.22792045772075653, -0.11831986159086227, -0.3385213017463684, -0.7667461633682251, -1.4262580871582031, 0.09877261519432068], [1.966334342956543, -0.6743085980415344, 0.19623097777366638, 0.09654316306114197, -0.38738733530044556, -0.3099125325679779, -0.34182658791542053, 0.5806490182876587, 6.564920902252197, -0.5375065207481384, 0.1656857430934906, -0.9091887474060059, -0.057574592530727386, -0.21284747123718262, 0.6606565713882446, -0.09390103071928024, 1.7972294092178345, -0.32827797532081604, -0.80843186378479, 0.3173617124557495, 0.04892938211560249, -0.4795249402523041, 0.3417482376098633], [1.0523743629455566, 0.3925081491470337, 0.18940269947052002, -0.28697508573532104, -1.31865394115448, 0.33699846267700195, -0.5963882803916931, -0.465415894985199, 0.9832848310470581, 6.34152364730835, -0.5162871479988098, -0.40404459834098816, 0.5341674089431763, -0.012186368927359581, -1.6603319644927979, 0.062159713357686996, 0.31838908791542053, 0.4728855490684509, 1.2939634323120117, -0.17980451881885529, -1.3079336881637573, -0.6846998929977417, 0.12177705019712448], [1.2586665153503418, -0.6797322630882263, 0.7090732455253601, 0.2257401943206787, 0.2122841775417328, -0.37568333745002747, -0.4659014046192169, -1.947283387184143, 0.046671703457832336, -0.6224237084388733, 6.200471878051758, -0.7425816655158997, 0.043844182044267654, -1.3451831340789795, 0.5644469261169434, -0.22270752489566803, -0.2588093876838684, 0.39635565876960754, 0.7403634190559387, -0.4050273299217224, 0.26752811670303345, -0.168821781873703, -0.09119356423616409], [0.8112149834632874, 0.829301118850708, 0.42627736926078796, 0.49233004450798035, 0.6970598697662354, -0.3032301664352417, -0.6114556193351746, -0.4747767150402069, 0.29868847131729126, -1.0446058511734009, -1.3555271625518799, 6.679294109344482, -0.95721036195755, 0.15154944360256195, 0.27799129486083984, -0.08936035633087158, 0.500166654586792, 0.1533757895231247, 0.2268112301826477, -0.04635785520076752, -0.5316163301467896, -0.3645648956298828, 2.1313674449920654], [1.8709033727645874, 1.3185157775878906, 0.4306987226009369, -0.7496575713157654, -0.31831419467926025, -0.06328532844781876, -0.26871076226234436, -0.09108590334653854, -0.5299704074859619, -0.49661681056022644, -0.5149165391921997, -0.5212145447731018, 6.782986640930176, -0.9893588423728943, -0.11120352149009705, 0.22677071392536163, 0.9173938035964966, -0.16790403425693512, -1.2252453565597534, 0.2922084331512451, 0.409880131483078, -0.5777363181114197, 0.019015898928046227], [0.6683578491210938, 0.5679152607917786, 0.07713540643453598, 0.5992444157600403, -0.5512744784355164, 0.7585729360580444, -0.45240986347198486, -1.6944243907928467, 0.14907851815223694, -0.4441148638725281, -1.5590968132019043, 0.06396051496267319, 0.6354544758796692, 6.417276859283447, -0.5009629130363464, 0.8472265005111694, -1.0201311111450195, 0.15466204285621643, 0.09061618894338608, -0.5913529992103577, 0.6968368887901306, -0.57301926612854, 0.39215758442878723], [1.6769696474075317, -0.11368513852357864, 0.58761066198349, -0.0995635986328125, -0.3160003125667572, 0.27160152792930603, -0.1936255693435669, 0.21846476197242737, -0.04065645486116409, -1.0422172546386719, -0.6313943862915039, -0.9391895532608032, -0.7948446273803711, 0.4951574206352234, 6.517769813537598, -0.4861243665218353, 0.3968086838722229, -0.2419154793024063, -0.060338594019412994, -0.4779687225818634, -1.1236690282821655, -0.2235097587108612, 0.6351587176322937], [0.8368462920188904, 0.00911682192236185, 0.13660791516304016, 0.008318266831338406, -0.7118328809738159, -0.2863217294216156, -0.8627865314483643, 1.5143616199493408, -0.06324517726898193, -0.6583301424980164, -0.5621953010559082, -0.9297548532485962, -0.11094341427087784, 0.046353187412023544, -0.10990181565284729, 6.2386698722839355, -0.02023046277463436, 0.9072443842887878, -0.3610074818134308, 0.22945408523082733, -0.01809135638177395, -0.2591497004032135, 