{"std_epochs": [0, 200, 400, 600, 800, 1000, 1200, 1400, 1600, 1800, 2000, 2200, 2400, 2600, 2800, 3000, 3200, 3400, 3600, 3800, 4000, 4200, 4400, 4600, 4800], "std_ipr": [0.16696186363697052, 0.18782900273799896, 0.2499314248561859, 0.3180089592933655, 0.3741154670715332, 0.4172752797603607, 0.45066261291503906, 0.4768713116645813, 0.4981910288333893, 0.515967845916748, 0.5311785936355591, 0.5442754030227661, 0.555658221244812, 0.5660960674285889, 0.5756716728210449, 0.5846068859100342, 0.5931321382522583, 0.601506233215332, 0.609761118888855, 0.6178839206695557, 0.625726580619812, 0.6329843997955322, 0.6392850279808044, 0.6446781158447266, 0.649466335773468], "std_train_loss": [3.135560989379883, 3.1138665676116943, 3.078747510910034, 3.02516508102417, 2.952033042907715, 2.859511375427246, 2.747574806213379, 2.616875171661377, 2.4683547019958496, 2.3032050132751465, 2.123073101043701, 1.9303396940231323, 1.728139877319336, 1.5202677249908447, 1.3114815950393677, 1.1070263385772705, 0.9127271175384521, 0.7339106798171997, 0.5746309757232666, 0.43746525049209595, 0.3232100009918213, 0.2316569983959198, 0.16139943897724152, 0.10967656224966049, 0.07293803244829178], "grokk_epochs": [0, 200, 400, 600, 800, 1000, 1200, 1400, 1600, 1800, 2000, 2200, 2400, 2600, 2800, 3000, 3200, 3400, 3600, 3800, 4000, 4200, 4400, 4600, 4800, 5000, 5200, 5400, 5600, 5800, 6000, 6200, 6400, 6600, 6800, 7000, 7200, 7400, 7600, 7800, 8000, 8200, 8400, 8600, 8800, 9000, 9200, 9400, 9600, 9800, 10000, 10200, 10400, 10600, 10800, 11000, 11200, 11400, 11600, 11800, 12000, 12200, 12400, 12600, 12800, 13000, 13200, 13400, 13600, 13800, 14000, 14200, 14400, 14600, 14800, 15000, 15200, 15400, 15600, 15800, 16000, 16200, 16400, 16600, 16800, 17000, 17200, 17400, 17600, 17800, 18000, 18200, 18400, 18600, 18800, 19000, 19200, 19400, 19600, 19800, 20000, 20200, 20400, 20600, 20800, 21000, 21200, 21400, 21600, 21800, 22000, 22200, 22400, 22600, 22800, 23000, 23200, 23400, 23600, 23800], "grokk_ipr": [0.16696186363697052, 0.20596018433570862, 0.27029871940612793, 0.31833377480506897, 0.3532786965370178, 0.3813205063343048, 0.4056158661842346, 0.42770469188690186, 0.4492236375808716, 0.4699704945087433, 0.49022176861763, 0.5091416835784912, 0.5259302258491516, 0.5405265092849731, 0.5532552599906921, 0.5641659498214722, 0.5738799571990967, 0.5825153589248657, 0.5904306173324585, 0.5976640582084656, 0.6043438911437988, 0.6106107234954834, 0.6164506673812866, 0.6218289136886597, 0.6266885995864868, 0.6312670707702637, 0.6355511546134949, 0.6395750045776367, 0.643275797367096, 0.646744430065155, 0.6500380039215088, 0.6532997488975525, 0.6565711498260498, 0.6598920226097107, 0.6632862091064453, 0.6668058633804321, 0.6704500913619995, 0.6742167472839355, 0.6781210899353027, 0.6821741461753845, 0.6863616704940796, 0.6906527876853943, 0.6950275897979736, 0.6994574666023254, 0.7039183974266052, 0.7083443403244019, 0.7126816511154175, 0.7169384956359863, 0.721111536026001, 0.7252210378646851, 0.7292242646217346, 0.733146607875824, 0.736957311630249, 0.7406643629074097, 0.7442538738250732, 0.7477537393569946, 0.7511463165283203, 0.7544236183166504, 0.7576103210449219, 0.7606924772262573, 0.7636557221412659, 0.7665203809738159, 0.769273042678833, 0.7719569206237793, 0.7745500206947327, 0.7770496606826782, 0.7794703245162964, 0.7817973494529724, 0.7840417623519897, 0.7862062454223633, 0.7882988452911377, 0.7903096675872803, 0.792240560054779, 0.7940966486930847, 0.7958834171295166, 0.797610342502594, 0.799288272857666, 0.8009099364280701, 0.8024760484695435, 0.8040018081665039, 0.8054728507995605, 0.8069078922271729, 0.8082904815673828, 0.8096331357955933, 0.8109252452850342, 0.8121715784072876, 0.8133757710456848, 0.8145431280136108, 0.8156692981719971, 0.816756010055542, 0.8177955746650696, 0.8187929391860962, 0.8197530508041382, 0.8206861019134521, 0.8215847611427307, 0.8224549293518066, 0.8233000040054321, 0.8241132497787476, 0.8248919248580933, 0.825641393661499, 0.8263583779335022, 0.8270465135574341, 0.8277169466018677, 0.8283711671829224, 0.8290086984634399, 0.8296192288398743, 0.8302097320556641, 0.8307912349700928, 0.83135586977005, 0.8319028615951538, 0.8324234485626221, 0.8329212665557861, 0.8334064483642578, 0.8338710069656372, 0.834315299987793, 0.834744930267334, 0.8351585865020752, 0.8355534076690674, 0.8359532952308655, 0.8363395929336548], "grokk_train_loss": [3.1357882022857666, 3.0663113594055176, 2.9333696365356445, 2.744729995727539, 2.512763500213623, 2.2500429153442383, 1.9694746732711792, 1.6844642162322998, 1.4059518575668335, 1.1435189247131348, 0.9036979079246521, 0.6917485594749451, 0.5120261311531067, 0.36698582768440247, 0.25570717453956604, 0.17448213696479797, 0.11738671362400055, 0.07827912271022797, 0.051949962973594666, 0.034430086612701416, 0.02283838950097561, 0.015175633132457733, 0.010111047886312008, 0.006761844269931316, 0.004543735645711422, 0.0030678214970976114, 0.0020819734781980515, 0.0014210323570296168, 0.0009759261156432331, 0.0006746103172190487, 0.00046991094131954014, 0.0003299421223346144, 0.00023351699928753078, 0.00016682404384482652, 0.00012057511776220053, 8.824691758491099e-05, 6.55129988444969e-05, 4.9445905460743234e-05, 3.803075378527865e-05, 2.9856542823836207e-05, 2.3983579012565315e-05, 1.9729191990336403e-05, 1.662048998696264e-05, 1.4329368241305929e-05, 1.2626451280084439e-05, 1.1378386261640117e-05, 1.0434357136546168e-05, 9.726937605591957e-06, 9.191105164063629e-06, 8.767253348196391e-06, 8.443344995612279e-06, 8.195295777113643e-06, 8.001733476703521e-06, 7.84971325629158e-06, 7.723580893070903e-06, 7.62935860620928e-06, 7.545672360720346e-06, 7.4941958700947e-06, 7.441515663231257e-06, 7.3912442530854605e-06, 7.355120033025742e-06, 7.322307283175178e-06, 7.299128355953144e-06, 7.275647931237472e-06, 7.2506618380430155e-06, 7.2368152359558735e-06, 7.218452083179727e-06, 7.201594144135015e-06, 7.1874455898068845e-06, 7.16697513780673e-06, 7.154331797210034e-06, 7.142291451600613e-06, 7.127540811779909e-06, 7.117305813153507e-06, 7.104963515303098e-06, 7.095029559422983e-06, 7.083589935064083e-06, 7.073354936437681e-06, 7.065528279781574e-06, 7.0501755544682965e-06, 7.04054355082917e-06, 7.030308552202769e-06, 7.020073098829016e-06, 7.012547484919196e-06, 7.003817245276878e-06, 6.996893716859631e-06, 6.97792802384356e-06, 6.971606580918888e-06, 6.96197366778506e-06, 6.9490292844420765e-06, 6.946319899725495e-06, 6.93548281560652e-06, 6.934579687367659e-06, 6.925548859726405e-06, 6.9204311330395285e-06, 6.907186161697609e-06, 6.902971563249594e-06, 6.898456376802642e-06, 6.893338650115766e-06, 6.887016752443742e-06, 6.881297395011643e-06, 6.877684882056201e-06, 6.871062396385241e-06, 6.865644081699429e-06, 6.865644081699429e-06, 6.8611284405051265e-06, 6.85601071381825e-06, 6.852097158116521e-06, 6.853000741102733e-06, 6.849086730653653e-06, 6.852398200862808e-06, 6.843366918474203e-06, 6.842765742476331e-06, 6.843367827968905e-06, 6.837949058535742e-06, 6.8286171881482005e-06, 6.826509888924193e-06, 6.825305717939045e-06, 6.8192848630133085e-06, 6.81446863382007e-06],